path,count,status
S2-深淵篇/第10卷_失落科技樹/V10P2-資源鏢隊/第399章-意識的碎裂.md,1226,LOW
S2-深淵篇/第10卷_失落科技樹/V10P2-資源鏢隊/第400章-剝皮者之隕.md,1315,LOW
S1-星域篇/第2卷_井口權柄/第052章-灰域骨架.md,1369,LOW
S2-深淵篇/第10卷_失落科技樹/V10P3-夢境考古/第405章-回聲替身.md,1527,LOW
S1-星域篇/第2卷_井口權柄/第054章-雙鎖結構.md,1557,LOW
S2-深淵篇/第10卷_失落科技樹/V10P3-夢境考古/第404章-少年蘇芮.md,1568,LOW
S2-深淵篇/第10卷_失落科技樹/V10P3-夢境考古/第412章-獵手的裁決.md,1602,LOW
S2-深淵篇/第10卷_失落科技樹/V10P3-夢境考古/第406章-記憶的權重.md,1626,LOW
S1-星域篇/第2卷_井口權柄/第048章-冷備拆鎖.md,1853,LOW
S1-星域篇/第2卷_井口權柄/第046章-補鑰議價.md,1854,LOW
S2-深淵篇/第10卷_失落科技樹/V10P3-夢境考古/第403章-全息歷史區.md,1901,LOW
S2-深淵篇/第10卷_失落科技樹/V10P3-夢境考古/第402章-文明存儲器.md,1961,LOW
S1-星域篇/第2卷_井口權柄/第055章-熔爐二轉.md,1978,LOW
S1-星域篇/第2卷_井口權柄/第047章-白燼反熔.md,1983,LOW
S1-星域篇/第1卷_源代碼重啟/第027章-偽裝拋投.md,2029,LOW
S1-星域篇/第8卷_星域一統/第240章-暴風雨前的寧靜.md,2072,LOW
S2-深淵篇/第9卷_墜落地/V9P6-邏輯戰爭/第339章-獵鯨.md,2283,LOW
S1-星域篇/第8卷_星域一統/第250章-第一部完：深淵之下.md,2306,LOW
S1-星域篇/第6卷_黑星降臨/第172章-節點之光.md,2340,LOW
S1-星域篇/第6卷_黑星降臨/第163章-筆記突破.md,2367,LOW
S1-星域篇/第5卷_臨界倒數/第148章-替換（下）.md,2386,LOW
S1-星域篇/第6卷_黑星降臨/第166章-共同敵人.md,2404,LOW
S1-星域篇/第7卷_深淵遠征/第202章-意識迷宮.md,2406,LOW
S1-星域篇/第1卷_源代碼重啟/第022章-神性汙泥.md,2460,LOW
S1-星域篇/第7卷_深淵遠征/第195章-灰醫的真正身份.md,2468,LOW
S1-星域篇/第8卷_星域一統/第236章-燃燒的城市.md,2491,LOW
S1-星域篇/第2卷_井口權柄/第049章-聯航護約.md,2496,LOW
S1-星域篇/第2卷_井口權柄/第045章-盲井聽壁.md,2519,LOW
S1-星域篇/第8卷_星域一統/第246章-誓師.md,2542,LOW
S1-星域篇/第5卷_臨界倒數/第147章-替換（上）.md,2550,LOW
S1-星域篇/第7卷_深淵遠征/第198章-鼠王的條件.md,2550,LOW
S1-星域篇/第7卷_深淵遠征/第204章-蘇芮的甦醒.md,2552,LOW
S1-星域篇/第1卷_源代碼重啟/第020章-據點立旗.md,2553,LOW
S1-星域篇/第2卷_井口權柄/第043章-井口審衡.md,2554,LOW
S1-星域篇/第1卷_源代碼重啟/第021章-塔主稅牌.md,2556,LOW
S1-星域篇/第2卷_井口權柄/第044章-封約反噬.md,2565,LOW
S1-星域篇/第4卷_深淵降臨/第115章-意志超載.md,2568,LOW
S1-星域篇/第1卷_源代碼重啟/第019章-反殺牽魂師.md,2578,LOW
S1-星域篇/第2卷_井口權柄/第033章-臨時試運權.md,2590,LOW
S1-星域篇/第1卷_源代碼重啟/第016章-第一次清巢.md,2595,LOW
S1-星域篇/第6卷_黑星降臨/第174章-被改寫者.md,2600,LOW
S1-星域篇/第2卷_井口權柄/第051章-無主火線.md,2600,LOW
S1-星域篇/第2卷_井口權柄/第040章-樞紐奪權.md,2601,LOW
S1-星域篇/第1卷_源代碼重啟/第012章-以戰養產.md,2601,LOW
S1-星域篇/第2卷_井口權柄/第041章-熄神井道.md,2604,LOW
S1-星域篇/第1卷_源代碼重啟/第018章-三方混戰.md,2609,LOW
S1-星域篇/第2卷_井口權柄/第037章-夜拍黑標.md,2610,LOW
S1-星域篇/第1卷_源代碼重啟/第013章-低階量產.md,2612,LOW
S1-星域篇/第4卷_深淵降臨/第118章-剝離.md,2617,LOW
S2-深淵篇/第9卷_墜落地/V9P5-第二層進發/第324章-神性粉塵.md,2618,LOW
S1-星域篇/第2卷_井口權柄/第032章-牌桌破局.md,2620,LOW
S1-星域篇/第5卷_臨界倒數/第145章-深淵降臨（上）.md,2621,LOW
S1-星域篇/第6卷_黑星降臨/第173章-接觸.md,2623,LOW
S1-星域篇/第1卷_源代碼重啟/第014章-公會抽稅.md,2623,LOW
S1-星域篇/第2卷_井口權柄/第039章-封線追殺.md,2625,LOW
S1-星域篇/第1卷_源代碼重啟/第011章-封鎖廢坑.md,2625,LOW
S1-星域篇/第3卷_聯盟崩塌/第078章-灰醫的代價.md,2627,LOW
S1-星域篇/第4卷_深淵降臨/第116章-倒數.md,2628,LOW
S1-星域篇/第1卷_源代碼重啟/第009章-黑市試水.md,2628,LOW
S1-星域篇/第2卷_井口權柄/第038章-外環踏井.md,2629,LOW
S1-星域篇/第2卷_井口權柄/第031章-灰環赴約.md,2629,LOW
S1-星域篇/第1卷_源代碼重啟/第030章-第一枚神格.md,2632,LOW
S1-星域篇/第7卷_深淵遠征/第200章-降臨.md,2639,LOW
S1-星域篇/第1卷_源代碼重啟/第015章-灰醫交易.md,2640,LOW
S1-星域篇/第1卷_源代碼重啟/第029章-審判圍城.md,2648,LOW
S1-星域篇/第1卷_源代碼重啟/第024章-噬靈鼠成型.md,2652,LOW
S1-星域篇/第5卷_臨界倒數/第138章-選擇.md,2653,LOW
S1-星域篇/第7卷_深淵遠征/第197章-阿岬的回歸.md,2654,LOW
S1-星域篇/第1卷_源代碼重啟/第028章-墜神遺骸.md,2660,LOW
S1-星域篇/第1卷_源代碼重啟/第025章-斷供危機.md,2666,LOW
S1-星域篇/第7卷_深淵遠征/第206章-黑之荒原.md,2668,LOW
S1-星域篇/第2卷_井口權柄/第042章-白燼骨鑰.md,2675,LOW
S1-星域篇/第5卷_臨界倒數/第127章-軌道風暴.md,2680,LOW
S1-星域篇/第4卷_深淵降臨/第108章-精確打擊.md,2690,LOW
S1-星域篇/第1卷_源代碼重啟/第017章-塔下暗標.md,2709,LOW
S1-星域篇/第8卷_星域一統/第231章-遠方的指令.md,2717,LOW
S2-深淵篇/第10卷_失落科技樹/V10P2-資源鏢隊/第392章-鼠靈防禦環.md,2718,LOW
S2-深淵篇/第10卷_失落科技樹/V10P3-夢境考古/第401章-進入神經荒漠.md,2718,LOW
S1-星域篇/第1卷_源代碼重啟/第010章-母巢殘片.md,2719,LOW
S2-深淵篇/第10卷_失落科技樹/V10P2-資源鏢隊/第375章-深淵商團的滲透.md,2720,LOW
S1-星域篇/第5卷_臨界倒數/第146章-深淵降臨（下）.md,2726,LOW
S1-星域篇/第4卷_深淵降臨/第114章-全面戰爭.md,2726,LOW
S1-星域篇/第5卷_臨界倒數/第142章-鍊成（下）.md,2727,LOW
S1-星域篇/第1卷_源代碼重啟/第008章-缺件清單.md,2739,LOW
S1-星域篇/第5卷_臨界倒數/第122章-空間碎片.md,2752,LOW
S2-深淵篇/第10卷_失落科技樹/V10P2-資源鏢隊/第391章-強盜的哲學.md,2755,LOW
S1-星域篇/第8卷_星域一統/第218章-灰域公約.md,2793,LOW
S2-深淵篇/第10卷_失落科技樹/V10P2-資源鏢隊/第381章-信息的代價.md,2793,LOW
S1-星域篇/第6卷_黑星降臨/第156章-地下法則.md,2799,LOW
S2-深淵篇/第10卷_失落科技樹/V10P2-資源鏢隊/第377章-血肉路標.md,2819,LOW
S1-星域篇/第6卷_黑星降臨/第162章-飢餓遊戲.md,2820,LOW
S1-星域篇/第8卷_星域一統/第216章-鋼鐵收割.md,2828,LOW
S2-深淵篇/第9卷_墜落地/V9P5-第二層進發/第323章-墜落的古城.md,2830,LOW
S1-星域篇/第1卷_源代碼重啟/第026章-下水層獵場.md,2832,LOW
S1-星域篇/第6卷_黑星降臨/第165章-腐蝕初現.md,2840,LOW
S1-星域篇/第4卷_深淵降臨/第110章-神之屍.md,2848,LOW
S1-星域篇/第8卷_星域一統/第238章-臣服.md,2851,LOW
S1-星域篇/第8卷_星域一統/第248章-井口.md,2852,LOW
S1-星域篇/第5卷_臨界倒數/第144章-天梯之戰（下）.md,2855,LOW
S1-星域篇/第4卷_深淵降臨/第117章-記憶之海.md,2856,LOW
S1-星域篇/第3卷_聯盟崩塌/第088章-耶赫沙之怒.md,2858,LOW
S1-星域篇/第4卷_深淵降臨/第104章-陰影獵手.md,2868,LOW
S1-星域篇/第4卷_深淵降臨/第107章-智索鼠誕生.md,2871,LOW
S1-星域篇/第2卷_井口權柄/第053章-鬼影回溯.md,2876,LOW
S2-深淵篇/第9卷_墜落地/V9P6-邏輯戰爭/第347章-幽靈信號.md,2877,LOW
S1-星域篇/第4卷_深淵降臨/第106章-計算矩陣.md,2880,LOW
S2-深淵篇/第10卷_失落科技樹/V10P2-資源鏢隊/第373章-驛站法典.md,2883,LOW
S2-深淵篇/第10卷_失落科技樹/V10P2-資源鏢隊/第376章-鏢頭的試煉.md,2885,LOW
S2-深淵篇/第9卷_墜落地/V9P6-邏輯戰爭/第346章-逃生艙的秘密.md,2893,LOW
S2-深淵篇/第9卷_墜落地/V9P6-邏輯戰爭/第328章-肉類研磨機.md,2893,LOW
S2-深淵篇/第9卷_墜落地/V9P6-邏輯戰爭/第348章-跨維度對話.md,2894,LOW
S1-星域篇/第5卷_臨界倒數/第136章-全頻阻塞.md,2895,LOW
S2-深淵篇/第9卷_墜落地/V9P6-邏輯戰爭/第349章-目標鎖定.md,2895,LOW
S1-星域篇/第4卷_深淵降臨/第109章-血肉聖像.md,2897,LOW
S2-深淵篇/第9卷_墜落地/V9P6-邏輯戰爭/第329章-灰燼條約.md,2903,LOW
S1-星域篇/第6卷_黑星降臨/第170章-裂痕.md,2905,LOW
S2-深淵篇/第9卷_墜落地/V9P5-第二層進發/第322章-視界折疊者.md,2914,LOW
S1-星域篇/第7卷_深淵遠征/第194章-斷供.md,2921,LOW
S2-深淵篇/第10卷_失落科技樹/V10P1-航標建立/第357章-蘇芮的虛擬投影.md,2921,LOW
S1-星域篇/第1卷_源代碼重啟/第023章-聖骸來使.md,2923,LOW
S2-深淵篇/第9卷_墜落地/V9P5-第二層進發/第325章-真正的獵場.md,2932,LOW
S1-星域篇/第8卷_星域一統/第211章-墜落的星辰.md,2938,LOW
S1-星域篇/第3卷_聯盟崩塌/第089章-獨立宣告.md,2939,LOW
S2-深淵篇/第10卷_失落科技樹/V10P1-航標建立/第361章-驛站地基.md,2948,LOW
S2-深淵篇/第10卷_失落科技樹/V10P2-資源鏢隊/第374章-氧氣本位.md,2948,LOW
S1-星域篇/第4卷_深淵降臨/第099章-第一層入口.md,2950,LOW
S1-星域篇/第4卷_深淵降臨/第103章-遺民的守護者.md,2953,LOW
S1-星域篇/第3卷_聯盟崩塌/第090章-三分天下.md,2953,LOW
S1-星域篇/第6卷_黑星降臨/第155章-夢境起源.md,2958,LOW
S2-深淵篇/第10卷_失落科技樹/V10P1-航標建立/第358章-地表的危機.md,2960,LOW
S2-深淵篇/第10卷_失落科技樹/V10P1-航標建立/第356章-通訊塔修復.md,2960,LOW
S1-星域篇/第3卷_聯盟崩塌/第076章-二轉：多線程.md,2962,LOW
S2-深淵篇/第10卷_失落科技樹/V10P1-航標建立/第368章-規則的擴張.md,2972,LOW
S1-星域篇/第5卷_臨界倒數/第143章-天梯之戰（上）.md,2993,LOW
S2-深淵篇/第10卷_失落科技樹/V10P1-航標建立/第359章-跨維度通信的代價.md,3010,OK
S2-深淵篇/第9卷_墜落地/V9P3-資源聖戰/第288章-臟器游擊.md,3015,OK
S2-深淵篇/第10卷_失落科技樹/V10P1-航標建立/第363章-深淵鏢隊的雛形.md,3017,OK
S2-深淵篇/第10卷_失落科技樹/V10P1-航標建立/第364章-虛空掠奪者.md,3024,OK
S2-深淵篇/第10卷_失落科技樹/V10P1-航標建立/第369章-風暴前夕.md,3025,OK
S1-星域篇/第5卷_臨界倒數/第133章-節點獵殺（上）.md,3026,OK
S2-深淵篇/第10卷_失落科技樹/V10P1-航標建立/第367章-內部的裂痕.md,3029,OK
S2-深淵篇/第9卷_墜落地/V9P1-地獄降臨/第257章-母巢再生：深鑽.md,3030,OK
S2-深淵篇/第9卷_墜落地/V9P3-資源聖戰/第290章-消化道陷阱.md,3036,OK
S1-星域篇/第8卷_星域一統/第244章-蘇芮的禮物.md,3048,OK
S2-深淵篇/第10卷_失落科技樹/V10P2-資源鏢隊/第393章-護航靈鼠.md,3050,OK
S2-深淵篇/第9卷_墜落地/V9P6-邏輯戰爭/第340章-引擎點火.md,3050,OK
S2-深淵篇/第10卷_失落科技樹/V10P1-航標建立/第355章-高壓適應態鼠群.md,3052,OK
S1-星域篇/第4卷_深淵降臨/第102章-家族徽章.md,3058,OK
S2-深淵篇/第10卷_失落科技樹/V10P1-航標建立/第360章-阿爾法節點.md,3058,OK
S2-深淵篇/第9卷_墜落地/V9P1-地獄降臨/第259章-擴張與麻痺.md,3060,OK
S1-星域篇/第4卷_深淵降臨/第105章-靈魂補完.md,3066,OK
S1-星域篇/第3卷_聯盟崩塌/第075章-幻象海嘯.md,3066,OK
S2-深淵篇/第9卷_墜落地/V9P5-第二層進發/第318章-靈魂刻印.md,3067,OK
S2-深淵篇/第10卷_失落科技樹/V10P1-航標建立/第366章-自給自足.md,3069,OK
S2-深淵篇/第9卷_墜落地/V9P1-地獄降臨/第253章-萬物皆腐.md,3070,OK
S1-星域篇/第7卷_深淵遠征/第201章-另一半.md,3074,OK
S1-星域篇/第5卷_臨界倒數/第139章-重逢.md,3078,OK
S2-深淵篇/第10卷_失落科技樹/V10P2-資源鏢隊/第394章-血肉神格.md,3079,OK
S1-星域篇/第7卷_深淵遠征/第191章-三派鼎立.md,3083,OK
S2-深淵篇/第10卷_失落科技樹/V10P1-航標建立/第354章-維序審計者的守護.md,3085,OK
S1-星域篇/第6卷_黑星降臨/第169章-軍人的選擇.md,3088,OK
S2-深淵篇/第9卷_墜落地/V9P1-地獄降臨/第255章-金色變異.md,3090,OK
S2-深淵篇/第9卷_墜落地/V9P1-地獄降臨/第260章-名稱錨定協議.md,3104,OK
S2-深淵篇/第9卷_墜落地/V9P1-地獄降臨/第254章-神屍上的螻蟻.md,3111,OK
S1-星域篇/第8卷_星域一統/第249章-墜落.md,3115,OK
S1-星域篇/第4卷_深淵降臨/第112章-過濾器的心臟.md,3122,OK
S1-星域篇/第5卷_臨界倒數/第135章-監察官.md,3123,OK
S1-星域篇/第6卷_黑星降臨/第161章-軍管令.md,3124,OK
S2-深淵篇/第9卷_墜落地/V9P3-資源聖戰/第293章-強殖屍爆.md,3125,OK
S2-深淵篇/第10卷_失落科技樹/V10P1-航標建立/第353章-工匠神屍的肺部能源.md,3126,OK
S1-星域篇/第4卷_深淵降臨/第098章-虛空斷崖.md,3127,OK
S1-星域篇/第5卷_臨界倒數/第131章-守門人通訊錄.md,3134,OK
S1-星域篇/第4卷_深淵降臨/第100章-觀察者與守門人.md,3135,OK
S2-深淵篇/第9卷_墜落地/V9P5-第二層進發/第319章-顛倒大陸.md,3135,OK
S1-星域篇/第7卷_深淵遠征/第199章-灰域公約.md,3140,OK
S2-深淵篇/第9卷_墜落地/V9P4-骸金城之戰/第302章-外殼碎裂.md,3140,OK
S2-深淵篇/第9卷_墜落地/V9P2-神屍獵荒/第271章-拾荒者的消息.md,3140,OK
S2-深淵篇/第9卷_墜落地/V9P1-地獄降臨/第256章-劇痛與同步.md,3140,OK
S1-星域篇/第5卷_臨界倒數/第141章-鍊成（上）.md,3146,OK
S2-深淵篇/第9卷_墜落地/V9P1-地獄降臨/第258章-深淵裂行者.md,3146,OK
S1-星域篇/第3卷_聯盟崩塌/第087章-聖像之心.md,3149,OK
S1-星域篇/第8卷_星域一統/第247章-最後的部署.md,3150,OK
S2-深淵篇/第9卷_墜落地/V9P1-地獄降臨/第262章-血肉焊接.md,3168,OK
S1-星域篇/第4卷_深淵降臨/第101章-重力異常.md,3173,OK
S2-深淵篇/第9卷_墜落地/V9P4-骸金城之戰/第299章-沈默要塞.md,3174,OK
S2-深淵篇/第10卷_失落科技樹/V10P1-航標建立/第365章-驛站政治.md,3175,OK
S1-星域篇/第5卷_臨界倒數/第140章-過濾告急.md,3176,OK
S2-深淵篇/第10卷_失落科技樹/V10P2-資源鏢隊/第384章-舊日的鬼魂.md,3176,OK
S2-深淵篇/第9卷_墜落地/V9P4-骸金城之戰/第298章-地脈吞噬者.md,3177,OK
S1-星域篇/第8卷_星域一統/第239章-改編.md,3182,OK
S1-星域篇/第7卷_深淵遠征/第207章-幾何風暴.md,3184,OK
S2-深淵篇/第9卷_墜落地/V9P3-資源聖戰/第289章-以戰養戰.md,3186,OK
S2-深淵篇/第9卷_墜落地/V9P1-地獄降臨/第251章-最後的星光.md,3187,OK
S1-星域篇/第1卷_源代碼重啟/第002章-腦海的聲音.md,3192,OK
S1-星域篇/第4卷_深淵降臨/第119章-神格燃燒.md,3200,OK
S1-星域篇/第7卷_深淵遠征/第203章-幾何與人性.md,3200,OK
S2-深淵篇/第9卷_墜落地/V9P4-骸金城之戰/第308章-灰域號誕生.md,3202,OK
S1-星域篇/第4卷_深淵降臨/第113章-三面棋局.md,3210,OK
S2-深淵篇/第9卷_墜落地/V9P2-神屍獵荒/第273章-混亂擴張.md,3213,OK
S2-深淵篇/第9卷_墜落地/V9P3-資源聖戰/第282章-穿越神經荒漠.md,3214,OK
S2-深淵篇/第9卷_墜落地/V9P2-神屍獵荒/第278章-荒野警長.md,3215,OK
S2-深淵篇/第9卷_墜落地/V9P4-骸金城之戰/第304章-非線性決鬥.md,3216,OK
S1-星域篇/第4卷_深淵降臨/第097章-地下的賽跑.md,3219,OK
S1-星域篇/第1卷_源代碼重啟/第006章-第一次失控.md,3223,OK
S2-深淵篇/第9卷_墜落地/V9P3-資源聖戰/第295章-恐懼的收割.md,3223,OK
S1-星域篇/第8卷_星域一統/第219章-謀殺案.md,3224,OK
S1-星域篇/第8卷_星域一統/第217章-秦嶺的立場.md,3227,OK
S1-星域篇/第8卷_星域一統/第245章-告別.md,3229,OK
S2-深淵篇/第10卷_失落科技樹/V10P2-資源鏢隊/第383章-虛空伏擊.md,3241,OK
S2-深淵篇/第9卷_墜落地/V9P6-邏輯戰爭/第350章-躍入未知.md,3255,OK
S2-深淵篇/第9卷_墜落地/V9P6-邏輯戰爭/第327章-邏輯鍍層.md,3260,OK
S1-星域篇/第3卷_聯盟崩塌/第079章-聖子之面.md,3264,OK
S2-深淵篇/第9卷_墜落地/V9P4-骸金城之戰/第307章-脊椎手術.md,3264,OK
S2-深淵篇/第9卷_墜落地/V9P4-骸金城之戰/第305章-因果重編.md,3273,OK
S1-星域篇/第1卷_源代碼重啟/第005章-信仰初種.md,3277,OK
S2-深淵篇/第10卷_失落科技樹/V10P1-航標建立/第362章-第一批租客.md,3281,OK
S1-星域篇/第2卷_井口權柄/第050章-啟取試刀.md,3282,OK
S1-星域篇/第4卷_深淵降臨/第093章-共生噩夢.md,3285,OK
S2-深淵篇/第9卷_墜落地/V9P4-骸金城之戰/第303章-王座大廳.md,3286,OK
S2-深淵篇/第9卷_墜落地/V9P4-骸金城之戰/第306章-男爵之死.md,3286,OK
S1-星域篇/第1卷_源代碼重啟/第001章-墜入廢星.md,3287,OK
S1-星域篇/第6卷_黑星降臨/第168章-鼠群戰爭·終章.md,3288,OK
S2-深淵篇/第10卷_失落科技樹/V10P1-航標建立/第352章-失落科技的第一塊拼圖.md,3288,OK
S2-深淵篇/第9卷_墜落地/V9P3-資源聖戰/第287章-鐵蹄壓境.md,3297,OK
S2-深淵篇/第10卷_失落科技樹/V10P2-資源鏢隊/第378章-物資擠兌.md,3308,OK
S1-星域篇/第5卷_臨界倒數/第137章-黑暗三日.md,3316,OK
S1-星域篇/第7卷_深淵遠征/第190章-第一次對話.md,3318,OK
S1-星域篇/第1卷_源代碼重啟/第004章-鼠洞觀察.md,3318,OK
S1-星域篇/第5卷_臨界倒數/第121章-第二天.md,3332,OK
S2-深淵篇/第9卷_墜落地/V9P1-地獄降臨/第252章-技術破產.md,3334,OK
S1-星域篇/第6卷_黑星降臨/第178章-蘇芮的犧牲.md,3335,OK
S2-深淵篇/第9卷_墜落地/V9P2-神屍獵荒/第276章-深淵法典.md,3343,OK
S2-深淵篇/第10卷_失落科技樹/V10P2-資源鏢隊/第382章-髒代碼的真相.md,3344,OK
S1-星域篇/第8卷_星域一統/第237章-王的慈悲.md,3365,OK
S2-深淵篇/第10卷_失落科技樹/V10P2-資源鏢隊/第371章-第一支開路鏢隊.md,3367,OK
S2-深淵篇/第10卷_失落科技樹/V10P3-夢境考古/第422章-跨維度投射.md,3373,OK
S1-星域篇/第5卷_臨界倒數/第132章-陌生的老大.md,3378,OK
S1-星域篇/第5卷_臨界倒數/第125章-蘇芮的骨書.md,3379,OK
S2-深淵篇/第9卷_墜落地/V9P4-骸金城之戰/第301章-行星攻城獸.md,3380,OK
S2-深淵篇/第9卷_墜落地/V9P3-資源聖戰/第283章-情緒殘響.md,3384,OK
S1-星域篇/第5卷_臨界倒數/第123章-灰階工程.md,3385,OK
S1-星域篇/第4卷_深淵降臨/第092章-特洛伊木馬.md,3386,OK
S2-深淵篇/第10卷_失落科技樹/V10P2-資源鏢隊/第380章-決策：主動出擊.md,3387,OK
S2-深淵篇/第9卷_墜落地/V9P5-第二層進發/第317章-存在錨點.md,3401,OK
S1-星域篇/第5卷_臨界倒數/第128章-第一次脈衝.md,3410,OK
S2-深淵篇/第9卷_墜落地/V9P4-骸金城之戰/第300章-認知錨點.md,3411,OK
S2-深淵篇/第9卷_墜落地/V9P3-資源聖戰/第284章-代碼崩潰.md,3422,OK
S1-星域篇/第5卷_臨界倒數/第129章-影子之王.md,3435,OK
S2-深淵篇/第9卷_墜落地/V9P5-第二層進發/第320章-黑色森林.md,3438,OK
S1-星域篇/第8卷_星域一統/第223章-玻璃沙漠.md,3446,OK
S1-星域篇/第7卷_深淵遠征/第185章-地下議會.md,3461,OK
S1-星域篇/第7卷_深淵遠征/第196章-最低點.md,3469,OK
S1-星域篇/第3卷_聯盟崩塌/第063章-灰階試驗.md,3471,OK
S1-星域篇/第4卷_深淵降臨/第096章-舊帝國的遺產.md,3474,OK
S1-星域篇/第8卷_星域一統/第224章-子宮.md,3479,OK
S2-深淵篇/第9卷_墜落地/V9P5-第二層進發/第321章-文明殘塊.md,3484,OK
S2-深淵篇/第9卷_墜落地/V9P4-骸金城之戰/第310章-要塞升空.md,3495,OK
S1-星域篇/第5卷_臨界倒數/第134章-節點獵殺（下）.md,3500,OK
S1-星域篇/第3卷_聯盟崩塌/第067章-黑潮巡狩.md,3501,OK
S1-星域篇/第5卷_臨界倒數/第124章-甦醒.md,3503,OK
S2-深淵篇/第10卷_失落科技樹/V10P1-航標建立/第351章-萬種實驗場.md,3505,OK
S1-星域篇/第5卷_臨界倒數/第150章-417減120.md,3506,OK
S2-深淵篇/第9卷_墜落地/V9P6-邏輯戰爭/第341章-告別黑森林.md,3512,OK
S2-深淵篇/第9卷_墜落地/V9P6-邏輯戰爭/第337章-貿易中心的雛形.md,3516,OK
S1-星域篇/第6卷_黑星降臨/第154章-失控.md,3517,OK
S1-星域篇/第3卷_聯盟崩塌/第082章-第一夜.md,3518,OK
S1-星域篇/第2卷_井口權柄/第035章-反打航道.md,3521,OK
S1-星域篇/第3卷_聯盟崩塌/第086章-斷錨反擊.md,3522,OK
S1-星域篇/第3卷_聯盟崩塌/第070章-影中宣戰.md,3524,OK
S1-星域篇/第8卷_星域一統/第229章-概念之戰.md,3525,OK
S1-星域篇/第8卷_星域一統/第220章-審判.md,3526,OK
S1-星域篇/第3卷_聯盟崩塌/第083章-獸群覺醒.md,3528,OK
S1-星域篇/第7卷_深淵遠征/第181章-灰色的日常.md,3532,OK
S2-深淵篇/第9卷_墜落地/V9P4-骸金城之戰/第296章-頭顱裂域.md,3533,OK
S2-深淵篇/第9卷_墜落地/V9P6-邏輯戰爭/第344章-沙漠風暴.md,3539,OK
S2-深淵篇/第10卷_失落科技樹/V10P2-資源鏢隊/第379章-老巴的消息.md,3540,OK
S1-星域篇/第3卷_聯盟崩塌/第077章-信仰投票.md,3551,OK
S1-星域篇/第8卷_星域一統/第225章-廢棄品.md,3553,OK
S1-星域篇/第2卷_井口權柄/第034章-首航截擊.md,3553,OK
S1-星域篇/第3卷_聯盟崩塌/第073章-第三記憶.md,3563,OK
S1-星域篇/第7卷_深淵遠征/第182章-第一個變異者.md,3570,OK
S1-星域篇/第3卷_聯盟崩塌/第064章-聖水真相.md,3574,OK
S1-星域篇/第3卷_聯盟崩塌/第080章-風暴前夕.md,3575,OK
S1-星域篇/第3卷_聯盟崩塌/第069章-洗禮儀式.md,3589,OK
S2-深淵篇/第9卷_墜落地/V9P3-資源聖戰/第292章-絕對數量.md,3594,OK
S1-星域篇/第3卷_聯盟崩塌/第068章-三秒靜滯.md,3595,OK
S1-星域篇/第7卷_深淵遠征/第184章-聽不見的頻率.md,3601,OK
S1-星域篇/第3卷_聯盟崩塌/第065章-黃金記憶.md,3602,OK
S1-星域篇/第7卷_深淵遠征/第187章-灰醫的告白.md,3609,OK
S1-星域篇/第6卷_黑星降臨/第151章-新秩序.md,3612,OK
S1-星域篇/第3卷_聯盟崩塌/第085章-蘇芮的質問.md,3624,OK
S1-星域篇/第3卷_聯盟崩塌/第066章-影子網路.md,3624,OK
S2-深淵篇/第9卷_墜落地/V9P3-資源聖戰/第294章-反攻號角.md,3624,OK
S1-星域篇/第7卷_深淵遠征/第192章-適格者獵殺.md,3628,OK
S2-深淵篇/第9卷_墜落地/V9P5-第二層進發/第311章-零號井.md,3628,OK
S1-星域篇/第3卷_聯盟崩塌/第062章-聯航新居.md,3633,OK
S1-星域篇/第8卷_星域一統/第242章-聯邦憲章.md,3637,OK
S1-星域篇/第7卷_深淵遠征/第183章-秦嶺的禮物.md,3637,OK
S2-深淵篇/第9卷_墜落地/V9P2-神屍獵荒/第280章-邊境城鎮.md,3637,OK
S2-深淵篇/第9卷_墜落地/V9P6-邏輯戰爭/第343章-合金碎片.md,3640,OK
S1-星域篇/第3卷_聯盟崩塌/第071章-灰環聖火.md,3646,OK
S1-星域篇/第2卷_井口權柄/第036章-井口試探.md,3653,OK
S2-深淵篇/第9卷_墜落地/V9P4-骸金城之戰/第309章-衝破雲層.md,3664,OK
S2-深淵篇/第10卷_失落科技樹/V10P3-夢境考古/第421章-阿爾法激活.md,3666,OK
S1-星域篇/第8卷_星域一統/第234章-邏輯驅魔.md,3674,OK
S1-星域篇/第5卷_臨界倒數/第126章-義肢首秀.md,3676,OK
S2-深淵篇/第9卷_墜落地/V9P2-神屍獵荒/第270章-跨緯度處理.md,3676,OK
S2-深淵篇/第9卷_墜落地/V9P5-第二層進發/第313章-黑井凝視者.md,3678,OK
S2-深淵篇/第9卷_墜落地/V9P5-第二層進發/第314章-規則開道.md,3683,OK
S1-星域篇/第8卷_星域一統/第243章-裝備升級.md,3695,OK
S1-星域篇/第6卷_黑星降臨/第167章-狩獵行動.md,3701,OK
S2-深淵篇/第9卷_墜落地/V9P5-第二層進發/第312章-神血海.md,3712,OK
S1-星域篇/第6卷_黑星降臨/第160章-前兆.md,3717,OK
S1-星域篇/第6卷_黑星降臨/第158章-鼠群戰爭終章.md,3725,OK
S1-星域篇/第4卷_深淵降臨/第095章-另一條路.md,3732,OK
S1-星域篇/第8卷_星域一統/第212章-兩種秩序.md,3733,OK
S2-深淵篇/第10卷_失落科技樹/V10P3-夢境考古/第417章-編碼鼠.md,3733,OK
S2-深淵篇/第9卷_墜落地/V9P6-邏輯戰爭/第332章-深淵的呼吸.md,3734,OK
S1-星域篇/第5卷_臨界倒數/第149章-歸來.md,3736,OK
S1-星域篇/第6卷_黑星降臨/第171章-戰時重構.md,3740,OK
S2-深淵篇/第9卷_墜落地/V9P2-神屍獵荒/第275章-神性武裝.md,3755,OK
S1-星域篇/第6卷_黑星降臨/第159章-問責與星光.md,3764,OK
S2-深淵篇/第9卷_墜落地/V9P6-邏輯戰爭/第338章-工匠的傳說.md,3779,OK
S2-深淵篇/第9卷_墜落地/V9P2-神屍獵荒/第279章-血肉鍊金.md,3792,OK
S2-深淵篇/第9卷_墜落地/V9P3-資源聖戰/第291章-活死人大軍.md,3800,OK
S1-星域篇/第3卷_聯盟崩塌/第061章-井口稅收.md,3806,OK
S1-星域篇/第6卷_黑星降臨/第176章-黑星之眼.md,3812,OK
S1-星域篇/第6卷_黑星降臨/第152章-筆記與夢.md,3835,OK
S1-星域篇/第7卷_深淵遠征/第205章-新的契約.md,3836,OK
S1-星域篇/第8卷_星域一統/第232章-旗艦譁變.md,3839,OK
S2-深淵篇/第9卷_墜落地/V9P6-邏輯戰爭/第342章-荒漠前哨.md,3844,OK
S2-深淵篇/第9卷_墜落地/V9P4-骸金城之戰/第297章-幾何伏擊.md,3848,OK
S1-星域篇/第8卷_星域一統/第233章-跳幫戰.md,3870,OK
S1-星域篇/第3卷_聯盟崩塌/第074章-間諜獵殺.md,3877,OK
S1-星域篇/第1卷_源代碼重啟/第007章-模板雛形.md,3890,OK
S1-星域篇/第6卷_黑星降臨/第157章-鼠群戰爭序.md,3911,OK
S1-星域篇/第2卷_井口權柄/第058章-神性光譜.md,3916,OK
S2-深淵篇/第10卷_失落科技樹/V10P3-夢境考古/第423章-蘇芮的降臨.md,3947,OK
S2-深淵篇/第9卷_墜落地/V9P2-神屍獵荒/第274章-巨人的尾流.md,3948,OK
S1-星域篇/第6卷_黑星降臨/第179章-破曉.md,3962,OK
S2-深淵篇/第9卷_墜落地/V9P2-神屍獵荒/第272章-血肉果園.md,3969,OK
S1-星域篇/第3卷_聯盟崩塌/第084章-淨化風暴.md,3970,OK
S2-深淵篇/第9卷_墜落地/V9P6-邏輯戰爭/第334章-丟失的番號.md,3976,OK
S1-星域篇/第2卷_井口權柄/第057章-深淵獨行.md,3980,OK
S1-星域篇/第8卷_星域一統/第235章-用腳投票.md,3986,OK
S1-星域篇/第2卷_井口權柄/第059章-剝離時刻.md,3989,OK
S1-星域篇/第7卷_深淵遠征/第208章-綠洲.md,4005,OK
S1-星域篇/第6卷_黑星降臨/第175章-規則戰爭.md,4019,OK
S2-深淵篇/第10卷_失落科技樹/V10P3-夢境考古/第415章-最後的插槽.md,4026,OK
S1-星域篇/第7卷_深淵遠征/第189章-頻率審判.md,4033,OK
S1-星域篇/第3卷_聯盟崩塌/第072章-裂痕擴散.md,4036,OK
S2-深淵篇/第9卷_墜落地/V9P3-資源聖戰/第286章-名錄之碑.md,4043,OK
S1-星域篇/第2卷_井口權柄/第060章-井口權柄.md,4061,OK
S2-深淵篇/第10卷_失落科技樹/V10P3-夢境考古/第425章-指引：頭顱裂域.md,4078,OK
S2-深淵篇/第9卷_墜落地/V9P3-資源聖戰/第281章-男爵的獵犬.md,4079,OK
S2-深淵篇/第10卷_失落科技樹/V10P3-夢境考古/第409章-跨層級耦合.md,4081,OK
S2-深淵篇/第10卷_失落科技樹/V10P3-夢境考古/第418章-數據的重量.md,4120,OK
S2-深淵篇/第10卷_失落科技樹/V10P3-夢境考古/第414章-血液的誤導.md,4121,OK
S2-深淵篇/第9卷_墜落地/V9P6-邏輯戰爭/第336章-領地擴張.md,4138,OK
S2-深淵篇/第10卷_失落科技樹/V10P3-夢境考古/第410章-老巴的辱罵.md,4147,OK
S2-深淵篇/第9卷_墜落地/V9P3-資源聖戰/第285章-活體避雷針.md,4153,OK
S1-星域篇/第7卷_深淵遠征/第188章-叛逃.md,4162,OK
S2-深淵篇/第10卷_失落科技樹/V10P3-夢境考古/第420章-荒漠的輓歌.md,4168,OK
S2-深淵篇/第9卷_墜落地/V9P2-神屍獵荒/第268章-氧氣稅與神經痛.md,4176,OK
S2-深淵篇/第10卷_失落科技樹/V10P3-夢境考古/第411章-時空的隧道.md,4188,OK
S1-星域篇/第7卷_深淵遠征/第210章-塔.md,4193,OK
S2-深淵篇/第10卷_失落科技樹/V10P1-航標建立/第370章-第一根樁的最後守護.md,4204,OK
S1-星域篇/第7卷_深淵遠征/第209章-守護者.md,4217,OK
S1-星域篇/第8卷_星域一統/第227章-灰醫的遺言.md,4249,OK
S2-深淵篇/第9卷_墜落地/V9P5-第二層進發/第316章-認知溶解.md,4275,OK
S2-深淵篇/第10卷_失落科技樹/V10P3-夢境考古/第424章-次元切割.md,4300,OK
S1-星域篇/第8卷_星域一統/第214章-晶體症.md,4323,OK
S2-深淵篇/第10卷_失落科技樹/V10P2-資源鏢隊/第390章-白刃戰.md,4330,OK
S1-星域篇/第7卷_深淵遠征/第193章-票決.md,4337,OK
S2-深淵篇/第10卷_失落科技樹/V10P3-夢境考古/第407章-信息的種子.md,4340,OK
S2-深淵篇/第9卷_墜落地/V9P6-邏輯戰爭/第345章-廢墟中的呼救.md,4342,OK
S2-深淵篇/第9卷_墜落地/V9P2-神屍獵荒/第269章-資源發射塔.md,4354,OK
S1-星域篇/第8卷_星域一統/第230章-鑰匙.md,4358,OK
S2-深淵篇/第10卷_失落科技樹/V10P3-夢境考古/第413章-位置鎖定.md,4374,OK
S2-深淵篇/第9卷_墜落地/V9P1-地獄降臨/第265章-開荒者旗幟.md,4421,OK
S2-深淵篇/第9卷_墜落地/V9P6-邏輯戰爭/第331章-黑森林的秘密.md,4443,OK
S1-星域篇/第8卷_星域一統/第226章-秦嶺的噩夢.md,4477,OK
S1-星域篇/第1卷_源代碼重啟/第003章-第一筆維修.md,4483,OK
S1-星域篇/第6卷_黑星降臨/第177章-龜息.md,4493,OK
S2-深淵篇/第10卷_失落科技樹/V10P3-夢境考古/第419章-神經主宰的甦醒.md,4506,OK
S2-深淵篇/第9卷_墜落地/V9P5-第二層進發/第315章-邊界跨越.md,4511,OK
S2-深淵篇/第9卷_墜落地/V9P2-神屍獵荒/第277章-午夜法庭.md,4511,OK
S2-深淵篇/第10卷_失落科技樹/V10P2-資源鏢隊/第395章-規則編織：熱寂.md,4515,OK
S2-深淵篇/第10卷_失落科技樹/V10P2-資源鏢隊/第385章-路標：碎裂骨雲.md,4528,OK
S1-星域篇/第5卷_臨界倒數/第130章-異化潮.md,4539,OK
S1-星域篇/第6卷_黑星降臨/第164章-第二次夢境.md,4551,OK
S2-深淵篇/第10卷_失落科技樹/V10P3-夢境考古/第416章-阿爾法原始代碼.md,4563,OK
S2-深淵篇/第9卷_墜落地/V9P2-神屍獵荒/第267章-提燈鏢隊.md,4571,OK
S1-星域篇/第6卷_黑星降臨/第153章-鋼鐵之手.md,4585,OK
S1-星域篇/第4卷_深淵降臨/第111章-逆向時鐘塔.md,4606,OK
S2-深淵篇/第10卷_失落科技樹/V10P3-夢境考古/第408章-神經腦池.md,4630,OK
S2-深淵篇/第9卷_墜落地/V9P6-邏輯戰爭/第335章-軍火庫開啟.md,4635,OK
S1-星域篇/第2卷_井口權柄/第056章-誘餌航線.md,4772,OK
S2-深淵篇/第9卷_墜落地/V9P2-神屍獵荒/第266章-神髓礦工.md,4878,OK
S1-星域篇/第4卷_深淵降臨/第120章-守門人的覺悟.md,4892,OK
S2-深淵篇/第10卷_失落科技樹/V10P2-資源鏢隊/第386章-骨雲邊境.md,4962,OK
S1-星域篇/第8卷_星域一統/第215章-飢餓與齒輪.md,5039,OK
S2-深淵篇/第9卷_墜落地/V9P1-地獄降臨/第264章-生存基本法.md,5145,OK
S1-星域篇/第7卷_深淵遠征/第186章-阿爾法的沉默.md,5175,OK
S1-星域篇/第4卷_深淵降臨/第091章-震動規律.md,5238,OK
S2-深淵篇/第9卷_墜落地/V9P1-地獄降臨/第261章-錨點與瘡疤.md,5262,OK
S1-星域篇/第8卷_星域一統/第228章-零號素體.md,5477,OK
S2-深淵篇/第9卷_墜落地/V9P6-邏輯戰爭/第330章-規則嫁接.md,5587,OK
S1-星域篇/第4卷_深淵降臨/第094章-冷酷的計算.md,5591,OK
S2-深淵篇/第10卷_失落科技樹/V10P2-資源鏢隊/第387章-骨哨.md,5628,OK
S2-深淵篇/第10卷_失落科技樹/V10P2-資源鏢隊/第398章-剝皮者的絕路.md,5664,OK
S1-星域篇/第8卷_星域一統/第222章-聯合考察隊.md,5764,OK
S2-深淵篇/第10卷_失落科技樹/V10P2-資源鏢隊/第396章-極限拆解.md,5911,OK
S2-深淵篇/第10卷_失落科技樹/V10P2-資源鏢隊/第388章-肋骨禿鷲.md,5997,OK
S2-深淵篇/第9卷_墜落地/V9P1-地獄降臨/第263章-貪婪的提燈.md,6016,OK
S1-星域篇/第8卷_星域一統/第221章-來自地獄的信號.md,6109,OK
S1-星域篇/第8卷_星域一統/第241章-深淵之眼.md,6247,OK
S1-星域篇/第6卷_黑星降臨/第180章-新世界.md,6261,OK
S2-深淵篇/第10卷_失落科技樹/V10P2-資源鏢隊/第397章-虛空追逐.md,6276,OK
S1-星域篇/第3卷_聯盟崩塌/第081章-異端定性.md,6324,OK
S2-深淵篇/第10卷_失落科技樹/V10P2-資源鏢隊/第389章-血肉戰艦：萬骨枯.md,6611,OK
S2-深淵篇/第9卷_墜落地/V9P6-邏輯戰爭/第326章-顛倒的物理學.md,6935,OK
S1-星域篇/第8卷_星域一統/第213章-塔與鼠.md,7642,OK
S2-深淵篇/第9卷_墜落地/V9P6-邏輯戰爭/第333章-晶體收割.md,7816,OK
